Ticker,EventDate,CloseAtEvent,Close_Day5,Close_Day10,Close_Day15,Close_Day20,R5(%),R10(%),R15(%),R20(%)
XOM,2020-09-16,30.72,27.94,27.89,27.22,27.75,-9.05,-9.2,-11.4,-9.68
XOM,2020-09-28,28.69,27.41,28.14,27.15,27.1,-4.45,-1.93,-5.35,-5.55
XOM,2020-10-05,27.41,28.14,27.15,27.1,27.62,2.64,-0.95,-1.16,0.74
XOM,2021-07-20,48.05,49.65,49.97,49.95,48.43,3.34,4.0,3.97,0.79
XOM,2021-08-23,47.86,48.08,47.55,47.57,46.75,0.46,-0.66,-0.6,-2.31
XOM,2022-09-27,78.11,86.79,89.28,91.83,96.46,11.11,14.3,17.56,23.49
XOM,2023-03-20,94.81,97.91,107.47,106.75,108.22,3.27,13.35,12.59,14.14
XOM,2023-12-08,94.54,95.82,96.78,97.21,94.66,1.36,2.37,2.82,0.12
XOM,2024-12-31,105.64,105.01,109.33,106.71,104.92,-0.59,3.49,1.01,-0.69
XOM,2025-04-09,104.83,103.24,107.64,104.81,105.1,-1.52,2.67,-0.02,0.26
MO,2020-09-28,26.75,27.13,27.78,26.91,26.49,1.41,3.85,0.59,-0.98
MO,2020-10-29,25.32,25.63,27.13,27.51,27.73,1.19,7.13,8.65,9.49
MO,2020-11-02,25.06,26.22,28.49,27.61,27.81,4.63,13.71,10.2,10.99
MO,2021-11-03,33.22,33.06,32.82,32.57,31.93,-0.47,-1.2,-1.96,-3.89
MO,2021-12-01,31.76,32.89,33.96,35.3,35.58,3.56,6.91,11.14,12.02
MO,2022-06-10,37.49,35.38,33.73,32.58,33.04,-5.62,-10.03,-13.09,-11.87
MO,2022-06-24,33.89,32.99,32.76,33.01,34.23,-2.65,-3.34,-2.6,0.99
MO,2022-07-07,32.65,32.51,33.4,34.36,34.55,-0.43,2.3,5.24,5.84
MO,2023-08-23,36.64,37.83,37.15,38.31,37.27,3.25,1.39,4.56,1.74
MO,2023-10-04,36.18,36.97,37.46,37.2,34.66,2.18,3.53,2.81,-4.2
MO,2023-10-30,34.96,35.21,34.75,35.48,36.33,0.72,-0.62,1.47,3.9
T,2020-09-28,15.11,15.26,15.34,14.66,14.93,1.02,1.55,-2.97,-1.16
T,2020-10-22,15.43,14.6,15.01,15.51,15.43,-5.37,-2.72,0.57,0.0
T,2021-08-27,15.87,16.12,16.1,15.92,16.03,1.58,1.44,0.29,1.0
T,2021-12-02,13.83,13.77,14.23,14.92,14.76,-0.48,2.86,7.9,6.72
T,2021-12-16,14.23,14.92,14.76,16.2,16.75,4.89,3.75,13.88,17.74
T,2022-06-17,16.04,17.2,17.52,17.28,17.45,7.22,9.24,7.71,8.76
T,2022-07-25,15.54,15.71,15.1,15.42,15.21,1.08,-2.86,-0.76,-2.16
T,2022-07-27,15.42,15.41,15.11,15.45,15.11,-0.11,-2.07,0.16,-2.07
T,2022-09-09,14.28,14.04,13.43,12.87,12.75,-1.7,-5.99,-9.92,-10.71
T,2022-10-03,13.34,12.72,13.07,14.95,15.56,-4.62,-2.0,12.08,16.69
T,2022-10-13,12.91,14.29,15.39,15.51,16.08,10.71,19.25,20.17,24.6
T,2023-04-21,16.0,15.52,15.04,14.96,14.32,-3.02,-5.98,-6.53,-10.48
T,2023-05-17,14.63,14.01,13.89,14.11,14.08,-4.26,-5.1,-3.54,-3.78
T,2023-05-22,14.39,13.74,13.76,13.89,13.71,-4.52,-4.33,-3.42,-4.7
T,2023-05-30,13.74,13.76,13.89,13.71,13.86,0.19,1.15,-0.19,0.9
T,2023-06-05,13.52,13.99,13.86,13.91,14.11,3.51,2.53,2.92,4.42
T,2023-07-19,13.04,13.31,12.83,12.76,12.6,2.06,-1.64,-2.19,-3.36
T,2024-04-17,15.17,15.82,15.92,16.1,16.31,4.28,4.96,6.14,7.51
AAPL,2021-03-01,124.85,113.68,121.13,120.55,118.59,-8.94,-2.97,-3.44,-5.01
AAPL,2022-10-03,140.4,138.39,140.36,147.29,151.13,-1.43,-0.03,4.91,7.64
AAPL,2022-12-29,127.95,127.96,133.04,139.31,141.17,0.01,3.97,8.87,10.33
AAPL,2023-08-08,178.02,175.93,175.71,182.54,181.34,-1.17,-1.3,2.54,1.87
AAPL,2023-08-11,176.27,172.99,177.08,187.84,177.82,-1.86,0.46,6.56,0.88
AAPL,2023-08-21,174.33,178.64,188.07,174.79,177.53,2.47,7.88,0.26,1.84
AAPL,2024-01-08,184.21,182.3,193.76,186.67,187.92,-1.04,5.18,1.34,2.02
AAPL,2024-03-11,171.71,172.68,169.82,167.83,168.65,0.56,-1.1,-2.26,-1.78
AAPL,2025-01-22,223.29,238.78,231.91,236.56,245.51,6.94,3.86,5.94,9.95
AAPL,2025-03-14,213.21,217.98,217.61,188.13,197.89,2.24,2.07,-11.76,-7.19
AAPL,2025-04-09,198.59,194.02,208.1,213.04,197.23,-2.3,4.79,7.28,-0.68
BEN,2020-11-02,15.64,16.3,16.98,16.97,17.85,4.24,8.58,8.52,14.14
BEN,2021-07-20,24.11,24.2,25.25,26.98,26.03,0.41,4.74,11.94,7.98
BEN,2022-09-19,21.23,19.59,19.44,18.81,19.26,-7.74,-8.44,-11.37,-9.29
BEN,2022-09-28,19.71,20.2,18.29,19.27,20.31,2.51,-7.21,-2.2,3.08
BEN,2022-10-03,19.44,18.81,19.26,19.77,20.31,-3.21,-0.94,1.69,4.5
BEN,2023-03-21,23.61,23.11,23.64,23.42,24.05,-2.12,0.13,-0.81,1.86
BEN,2023-05-17,21.68,21.34,21.64,23.18,24.2,-1.55,-0.16,6.91,11.61
BEN,2023-08-23,23.3,23.85,23.24,23.5,22.57,2.39,-0.23,0.88,-3.12
BEN,2023-09-28,22.2,21.69,20.77,20.54,20.65,-2.29,-6.46,-7.48,-6.99
BEN,2023-10-04,21.54,21.51,20.78,20.2,20.47,-0.13,-3.54,-6.19,-4.97
BEN,2023-10-16,20.83,20.19,20.43,21.63,20.42,-3.09,-1.92,3.83,-1.96
BEN,2023-10-24,20.48,20.68,21.37,21.73,21.49,1.02,4.39,6.12,4.96
BEN,2024-05-03,21.69,22.03,22.53,21.65,21.71,1.54,3.85,-0.21,0.09
BEN,2024-06-17,20.56,21.2,20.91,21.12,22.41,3.11,1.72,2.72,8.99
BEN,2024-12-20,19.57,19.51,19.15,19.04,19.39,-0.31,-2.14,-2.69,-0.91
BEN,2025-04-09,18.33,17.31,18.49,18.48,20.56,-5.54,0.91,0.86,12.16
AMD,2021-03-09,78.53,82.75,78.38,76.0,82.2,5.37,-0.19,-3.22,4.67
AMD,2022-01-31,114.25,123.67,114.27,115.65,113.83,8.25,0.02,1.23,-0.37
AMD,2022-10-03,66.11,57.81,57.96,58.7,60.06,-12.55,-12.33,-11.21,-9.15
AMD,2022-10-17,57.96,58.7,60.06,63.08,73.53,1.28,3.62,8.83,26.86
AMD,2024-04-22,148.64,160.2,155.78,150.56,166.33,7.78,4.8,1.29,11.9
AMD,2024-07-26,139.99,132.5,134.27,148.56,154.98,-5.35,-4.09,6.12,10.71
AMD,2024-12-23,124.6,120.79,121.84,118.44,122.84,-3.06,-2.22,-4.94,-1.41
AMD,2025-03-04,100.75,96.76,103.51,114.81,102.78,-3.96,2.74,13.96,2.01
AMD,2025-04-09,96.84,88.29,94.47,96.65,101.7,-8.83,-2.45,-0.2,5.02
DOW,2021-06-21,50.56,50.39,49.61,50.23,46.96,-0.33,-1.87,-0.65,-7.11
DOW,2021-07-20,46.96,49.63,49.85,50.56,49.91,5.68,6.16,7.68,6.29
DOW,2021-09-22,45.59,47.63,46.28,46.08,48.5,4.48,1.53,1.08,6.38
DOW,2022-07-07,43.82,40.99,43.09,43.84,42.74,-6.47,-1.68,0.04,-2.47
DOW,2022-07-18,42.31,43.24,43.97,43.71,46.39,2.2,3.94,3.33,9.65
DOW,2022-09-28,38.26,39.12,37.21,38.33,40.76,2.24,-2.75,0.18,6.53
DOW,2023-03-20,44.69,45.34,48.24,48.99,49.51,1.44,7.94,9.62,10.77
DOW,2023-06-01,43.33,46.67,47.29,45.41,47.09,7.71,9.14,4.82,8.69
DOW,2024-07-08,49.14,49.58,50.65,49.19,47.47,0.89,3.07,0.11,-3.39
DOW,2024-10-28,47.25,45.21,43.63,41.69,43.25,-4.31,-7.66,-11.75,-8.46
DOW,2024-11-07,46.11,42.04,42.25,42.35,40.22,-8.81,-8.36,-8.15,-12.76
DOW,2024-11-21,42.25,42.35,40.22,39.14,38.26,0.23,-4.8,-7.36,-9.45
DOW,2024-12-09,40.93,38.42,38.29,38.44,37.28,-6.13,-6.46,-6.08,-8.92
DOW,2024-12-20,38.26,37.78,37.75,38.7,39.72,-1.25,-1.33,1.15,3.83
DOW,2025-04-09,29.13,26.8,29.04,29.79,28.53,-8.0,-0.33,2.24,-2.08
