Ticker,EventDate,RSI,Price_Day0,Price_Day5,Price_Day10,Price_Day20,Price_Day30,PctChange_5Days,PctChange_10Days,PctChange_20Days,PctChange_30Days,Day0,Day1,Day2,Day3,Day4,Day5,Day6,Day7,Day8,Day9,Day10,Day11,Day12,Day13,Day14,Day15,Day16,Day17,Day18,Day19,Day20,Day21,Day22,Day23,Day24,Day25,Day26,Day27,Day28,Day29,Day30
XOM,2015-08-06,35.46,52.76,51.15,50.37,51.31,49.01,-3.06,-4.53,-2.76,-7.11,52.76,52.69,52.78,52.36,51.58,51.15,53.22,53.65,53.57,51.11,50.37,49.8,49.8,50.39,49.58,50.82,50.47,51.32,51.23,51.04,51.31,50.74,49.65,48.57,46.98,44.76,44.75,47.22,48.75,48.9,49.01
XOM,2015-08-26,37.66,49.58,51.04,46.98,47.2,47.8,2.95,-5.24,-4.81,-3.58,49.58,50.82,50.47,51.32,51.23,51.04,51.31,50.74,49.65,48.57,46.98,44.76,44.75,47.22,48.75,48.9,49.01,46.95,47.7,48.06,47.2,47.87,46.9,47.23,47.35,47.21,47.46,48.39,48.5,47.34,47.8
XOM,2016-08-02,30.67,63.48,62.74,60.3,58.47,58.97,-1.16,-5.0,-7.89,-7.1,63.48,63.59,63.39,63.16,62.8,62.74,62.85,61.64,61.19,60.78,60.3,59.47,57.4,58.19,58.49,58.48,58.54,59.23,59.3,58.26,58.47,59.23,59.21,59.28,59.41,59.95,59.2,59.33,59.14,59.35,58.97
XOM,2016-09-21,34.34,58.55,58.55,56.66,58.85,58.35,0.0,-3.24,0.51,-0.35,58.55,58.94,59.72,59.5,60.04,58.55,58.85,57.45,57.04,57.36,56.66,56.52,55.65,56.16,56.33,56.27,56.0,56.12,58.59,58.3,58.85,58.69,58.15,58.66,58.69,58.48,59.63,59.16,58.75,58.36,58.35
XOM,2017-02-09,32.65,57.8,57.72,56.67,56.21,56.64,-0.13,-1.95,-2.74,-2.0,57.8,57.88,58.05,58.23,58.17,57.72,57.06,56.42,56.76,56.82,56.67,56.3,55.93,56.18,56.64,56.97,56.85,57.08,56.49,56.12,56.21,55.55,56.14,55.66,55.97,55.82,56.99,57.18,56.6,56.86,56.64
XOM,2017-08-22,33.01,55.77,55.25,53.35,53.4,56.02,-0.94,-4.34,-4.25,0.44,55.77,55.58,55.54,55.41,55.58,55.25,54.72,54.73,54.6,54.2,53.35,53.62,53.44,53.69,53.6,53.4,53.68,53.5,53.49,53.24,53.4,53.57,54.0,55.12,55.29,55.14,55.45,55.62,55.81,56.03,56.02
XOM,2018-02-16,30.99,61.28,55.32,54.43,54.03,52.5,-9.71,-11.18,-11.83,-14.32,61.28,61.64,62.89,59.69,56.29,55.32,54.33,53.71,54.06,54.51,54.43,54.54,54.36,54.6,54.03,53.42,54.11,55.3,56.24,55.28,54.03,53.64,53.89,54.41,54.34,52.97,52.87,53.19,53.67,53.16,52.5
XOM,2018-02-22,32.7,59.69,54.06,54.6,54.41,52.89,-9.43,-8.53,-8.85,-11.38,59.69,56.29,55.32,54.33,53.71,54.06,54.51,54.43,54.54,54.36,54.6,54.03,53.42,54.11,55.3,56.24,55.28,54.03,53.64,53.89,54.41,54.34,52.97,52.87,53.19,53.67,53.16,52.5,53.09,53.59,52.89
XOM,2018-10-25,31.48,62.7,58.84,59.08,59.43,58.26,-6.17,-5.78,-5.21,-7.09,62.7,62.98,61.53,59.4,59.24,58.84,59.11,59.33,59.59,59.67,59.08,58.12,56.51,57.01,56.44,56.09,57.35,58.01,58.73,59.66,59.43,59.69,60.44,59.48,59.47,58.7,57.36,56.91,57.5,58.06,58.26
XOM,2018-10-30,38.54,59.4,59.59,57.01,59.48,55.51,0.31,-4.03,0.13,-6.55,59.4,59.24,58.84,59.11,59.33,59.59,59.67,59.08,58.12,56.51,57.01,56.44,56.09,57.35,58.01,58.73,59.66,59.43,59.69,60.44,59.48,59.47,58.7,57.36,56.91,57.5,58.06,58.26,56.6,57.04,55.51
XOM,2018-12-26,33.2,57.65,56.61,50.47,52.59,52.87,-1.8,-12.45,-8.76,-8.29,57.65,57.09,56.29,56.39,55.9,56.61,55.58,54.45,52.95,52.05,50.47,50.09,48.17,50.48,50.7,50.13,50.14,51.25,50.46,52.32,52.59,52.98,53.26,52.98,52.74,52.67,52.7,52.68,53.04,53.67,52.87
XOM,2019-05-24,31.71,57.04,57.01,57.34,54.89,56.64,-0.05,0.53,-3.78,-0.7,57.04,57.13,57.08,57.58,56.94,57.01,57.43,57.43,57.09,57.08,57.34,56.83,55.49,55.73,54.61,54.27,54.13,53.22,54.06,55.34,54.89,55.89,56.09,56.34,56.28,55.67,56.16,55.92,56.47,56.96,56.64
XOM,2019-06-03,30.52,57.01,57.34,54.27,55.67,57.61,0.58,-4.81,-2.35,1.04,57.01,57.43,57.43,57.09,57.08,57.34,56.83,55.49,55.73,54.61,54.27,54.13,53.22,54.06,55.34,54.89,55.89,56.09,56.34,56.28,55.67,56.16,55.92,56.47,56.96,56.64,57.62,58.43,57.87,57.36,57.61
XOM,2019-08-08,40.9,56.46,56.66,52.85,52.88,52.2,0.36,-6.38,-6.34,-7.54,56.46,56.68,56.67,56.35,56.26,56.66,56.67,55.92,54.49,53.96,52.85,53.37,53.02,54.43,53.28,53.02,53.67,51.51,51.2,52.0,52.88,52.56,53.09,52.97,51.39,51.66,51.16,51.53,52.1,52.14,52.2
XOM,2019-08-16,35.5,56.67,53.37,53.67,51.16,54.77,-5.83,-5.29,-9.72,-3.35,56.67,55.92,54.49,53.96,52.85,53.37,53.02,54.43,53.28,53.02,53.67,51.51,51.2,52.0,52.88,52.56,53.09,52.97,51.39,51.66,51.16,51.53,52.1,52.14,52.2,52.76,53.5,54.01,54.43,54.87,54.77
XOM,2020-02-05,35.66,53.03,51.11,47.87,47.41,42.12,-3.63,-9.74,-10.61,-20.58,53.03,52.83,52.08,51.78,51.45,51.11,49.89,49.82,49.4,49.93,47.87,46.8,46.21,48.34,47.68,47.37,46.87,47.31,47.89,47.63,47.41,46.81,47.16,46.79,46.22,44.05,42.37,41.44,38.94,40.21,42.12
XOM,2020-03-02,34.13,47.31,47.16,41.44,32.81,29.15,-0.31,-12.42,-30.65,-38.39,47.31,47.89,47.63,47.41,46.81,47.16,46.79,46.22,44.05,42.37,41.44,38.94,40.21,42.12,40.1,40.97,39.17,37.28,32.72,33.93,32.81,29.06,29.8,26.96,28.77,25.89,26.91,25.59,24.58,27.7,29.15
XOM,2020-03-04,33.7,47.63,46.22,40.21,29.8,28.88,-2.95,-15.58,-37.44,-39.36,47.63,47.41,46.81,47.16,46.79,46.22,44.05,42.37,41.44,38.94,40.21,42.12,40.1,40.97,39.17,37.28,32.72,33.93,32.81,29.06,29.8,26.96,28.77,25.89,26.91,25.59,24.58,27.7,29.15,30.34,28.88
XOM,2020-03-24,33.76,39.17,29.06,26.91,31.58,33.78,-25.8,-31.29,-19.38,-13.75,39.17,37.28,32.72,33.93,32.81,29.06,29.8,26.96,28.77,25.89,26.91,25.59,24.58,27.7,29.15,30.34,28.88,29.31,29.68,29.34,31.58,30.65,31.63,32.24,34.28,33.71,33.42,33.17,31.64,30.6,33.78
XOM,2020-09-16,38.52,32.29,31.78,29.98,28.15,28.23,-1.59,-7.15,-12.83,-12.58,32.29,33.06,32.45,32.04,31.84,31.78,31.75,31.02,30.84,30.06,29.98,29.79,29.47,30.72,30.71,30.22,29.6,28.87,27.94,27.89,28.15,28.69,27.85,27.89,26.92,26.8,27.41,27.13,27.22,28.65,28.23
XOM,2020-09-28,33.7,30.84,30.72,27.94,27.22,26.94,-0.37,-9.38,-11.73,-12.62,30.84,30.06,29.98,29.79,29.47,30.72,30.71,30.22,29.6,28.87,27.94,27.89,28.15,28.69,27.85,27.89,26.92,26.8,27.41,27.13,27.22,28.65,28.23,28.14,27.8,27.75,27.99,27.71,27.15,27.38,26.94
XOM,2020-09-30,30.1,29.98,30.22,28.15,28.23,27.76,0.79,-6.12,-5.85,-7.43,29.98,29.79,29.47,30.72,30.71,30.22,29.6,28.87,27.94,27.89,28.15,28.69,27.85,27.89,26.92,26.8,27.41,27.13,27.22,28.65,28.23,28.14,27.8,27.75,27.99,27.71,27.15,27.38,26.94,28.32,27.76
XOM,2020-10-05,32.23,30.72,27.94,27.89,27.75,25.65,-9.05,-9.2,-9.68,-16.5,30.72,30.71,30.22,29.6,28.87,27.94,27.89,28.15,28.69,27.85,27.89,26.92,26.8,27.41,27.13,27.22,28.65,28.23,28.14,27.8,27.75,27.99,27.71,27.15,27.38,26.94,28.32,27.76,27.1,26.67,25.65
XOM,2021-07-20,30.82,54.16,51.64,50.61,50.6,49.99,-4.66,-6.55,-6.58,-7.71,54.16,54.31,54.24,52.69,51.87,51.64,52.57,52.52,52.27,51.11,50.61,49.21,47.52,48.05,49.59,49.03,48.97,50.21,49.65,49.99,50.6,49.43,49.44,49.97,48.8,49.11,49.68,49.11,49.95,50.1,49.99
XOM,2021-08-23,43.02,48.8,50.1,47.41,46.87,48.65,2.66,-2.86,-3.97,-0.31,48.8,49.11,49.68,49.11,49.95,50.1,49.99,49.48,48.76,48.43,47.41,45.96,45.97,47.86,48.25,48.34,47.68,48.61,48.08,47.52,46.87,48.01,47.82,47.55,47.11,47.14,47.05,48.26,47.57,49.17,48.65
XOM,2022-09-27,35.16,86.46,86.39,82.51,92.98,94.68,-0.08,-4.57,7.53,9.5,86.46,87.91,88.92,86.85,88.98,86.39,84.91,84.91,84.21,82.86,82.51,78.12,76.51,78.11,80.95,80.79,79.54,83.74,86.79,90.3,92.98,92.04,90.04,89.28,89.67,92.8,90.36,91.67,91.83,94.55,94.68
XOM,2023-03-20,34.9,102.62,101.78,94.04,100.83,107.13,-0.82,-8.36,-1.74,4.4,102.62,103.09,104.4,105.32,103.28,101.78,100.99,99.74,98.59,98.96,94.04,93.49,92.39,94.81,99.06,96.79,95.7,95.81,97.91,99.13,100.83,101.32,101.48,107.47,106.44,108.26,106.47,106.0,106.75,106.63,107.13
XOM,2023-12-08,35.18,99.24,98.67,95.39,97.81,97.17,-0.57,-3.89,-1.44,-2.09,99.24,99.21,98.78,99.31,98.73,98.67,97.19,97.57,97.81,97.28,95.39,94.12,93.47,94.54,94.61,93.12,93.94,96.47,95.82,96.54,97.81,96.18,96.61,96.78,97.0,96.55,95.15,94.95,97.21,98.03,97.17
XOM,2024-12-31,34.8,109.92,104.51,104.58,107.33,106.1,-4.91,-4.85,-2.35,-3.47,109.92,109.82,108.85,106.53,106.08,104.51,103.62,103.97,104.4,104.49,104.58,104.57,103.87,105.64,105.39,105.93,105.81,106.8,105.01,104.63,107.33,107.75,109.51,109.33,110.31,109.47,107.57,108.18,106.71,108.2,106.1
XOM,2025-04-09,39.71,114.45,116.66,103.39,104.39,102.33,1.93,-9.66,-8.79,-10.59,114.45,114.74,115.53,117.19,116.81,116.66,117.84,117.95,117.59,111.4,103.39,102.0,99.85,104.83,99.02,102.2,102.45,102.16,103.24,105.94,104.39,107.31,106.39,107.64,107.58,107.64,107.37,104.67,104.81,105.24,102.33
MO,2015-08-26,42.87,28.85,28.99,28.05,27.23,28.79,0.49,-2.79,-5.6,-0.2,28.85,28.97,28.98,28.98,28.89,28.99,28.95,28.7,28.5,28.46,28.05,27.11,26.94,27.67,27.93,28.17,27.86,27.05,27.62,27.86,27.23,27.81,27.57,27.7,27.64,27.56,28.44,29.09,28.74,28.4,28.79
MO,2016-09-12,37.72,35.9,35.59,36.04,34.63,33.38,-0.87,0.39,-3.54,-7.01,35.9,35.74,35.61,35.56,35.7,35.59,35.7,35.82,36.13,36.3,36.04,35.87,34.33,34.93,34.65,34.42,34.49,34.24,34.2,34.34,34.63,34.96,34.83,34.37,34.53,34.77,34.26,34.48,34.27,33.69,33.38
MO,2017-04-03,32.03,41.97,41.64,40.47,40.03,39.68,-0.79,-3.58,-4.64,-5.47,41.97,41.77,41.69,41.92,42.12,41.64,41.06,40.59,40.6,40.6,40.47,39.96,39.62,39.73,39.91,39.9,39.62,39.78,39.8,39.98,40.03,39.55,40.11,40.13,40.0,39.61,39.64,40.24,40.18,39.67,39.68
MO,2017-07-27,51.41,41.21,41.03,40.62,36.9,36.01,-0.43,-1.42,-10.45,-12.62,41.21,41.06,41.32,41.09,41.34,41.03,41.01,41.13,41.15,41.06,40.62,40.4,40.11,41.36,37.43,36.33,36.63,36.66,36.65,36.64,36.9,36.56,36.52,36.22,35.96,36.26,36.52,36.6,35.96,35.62,36.01
MO,2017-08-15,31.4,41.36,36.65,36.22,35.57,34.8,-11.38,-12.43,-14.01,-15.86,41.36,37.43,36.33,36.63,36.66,36.65,36.64,36.9,36.56,36.52,36.22,35.96,36.26,36.52,36.6,35.96,35.62,36.01,35.82,35.63,35.57,35.83,35.75,35.68,35.82,35.45,35.53,35.16,35.38,35.08,34.8
MO,2017-08-21,32.19,36.66,36.52,36.6,35.82,35.2,-0.37,-0.15,-2.29,-3.97,36.66,36.65,36.64,36.9,36.56,36.52,36.22,35.96,36.26,36.52,36.6,35.96,35.62,36.01,35.82,35.63,35.57,35.83,35.75,35.68,35.82,35.45,35.53,35.16,35.38,35.08,34.8,34.94,34.95,34.96,35.2
MO,2017-08-25,33.56,36.56,36.52,35.82,35.38,34.6,-0.12,-2.02,-3.23,-5.36,36.56,36.52,36.22,35.96,36.26,36.52,36.6,35.96,35.62,36.01,35.82,35.63,35.57,35.83,35.75,35.68,35.82,35.45,35.53,35.16,35.38,35.08,34.8,34.94,34.95,34.96,35.2,35.26,35.36,35.17,34.6
MO,2017-09-06,33.87,35.96,35.57,35.45,35.26,35.84,-1.09,-1.4,-1.94,-0.32,35.96,35.62,36.01,35.82,35.63,35.57,35.83,35.75,35.68,35.82,35.45,35.53,35.16,35.38,35.08,34.8,34.94,34.95,34.96,35.2,35.26,35.36,35.17,34.6,34.76,35.32,36.05,36.46,36.4,36.28,35.84
MO,2017-09-11,31.72,35.82,35.68,35.38,34.6,35.88,-0.39,-1.23,-3.41,0.17,35.82,35.63,35.57,35.83,35.75,35.68,35.82,35.45,35.53,35.16,35.38,35.08,34.8,34.94,34.95,34.96,35.2,35.26,35.36,35.17,34.6,34.76,35.32,36.05,36.46,36.4,36.28,35.84,35.55,35.81,35.88
MO,2018-02-12,35.59,40.81,40.11,38.09,36.12,37.31,-1.7,-6.67,-11.49,-8.57,40.81,39.87,40.5,39.82,39.82,40.11,39.88,39.58,37.66,37.94,38.09,36.53,36.51,37.27,37.43,37.17,37.25,37.33,36.61,36.46,36.12,36.83,37.31,36.5,35.9,35.6,35.67,36.57,36.94,36.54,37.31
MO,2018-02-23,38.58,37.66,37.27,36.61,36.94,35.46,-1.04,-2.8,-1.92,-5.85,37.66,37.94,38.09,36.53,36.51,37.27,37.43,37.17,37.25,37.33,36.61,36.46,36.12,36.83,37.31,36.5,35.9,35.6,35.67,36.57,36.94,36.54,37.31,37.44,37.51,37.71,36.78,36.78,36.42,36.01,35.46
MO,2018-03-26,32.01,36.54,36.78,34.58,37.2,33.3,0.68,-5.35,1.81,-8.85,36.54,37.31,37.44,37.51,37.71,36.78,36.78,36.42,36.01,35.46,34.58,34.81,34.16,34.35,35.0,35.99,35.92,34.88,36.11,36.51,37.2,36.8,36.45,37.01,36.8,36.54,36.86,37.03,36.88,35.45,33.3
MO,2018-04-27,34.3,37.01,36.88,31.87,31.86,31.82,-0.37,-13.89,-13.94,-14.03,37.01,36.8,36.54,36.86,37.03,36.88,35.45,33.3,32.99,32.6,31.87,32.18,31.57,32.35,32.34,32.29,32.1,32.48,32.43,32.11,31.86,32.23,32.3,31.81,31.71,31.42,31.63,31.87,32.01,32.07,31.82
MO,2018-11-28,32.59,38.63,33.85,31.74,31.53,28.57,-12.38,-17.82,-18.37,-26.04,38.63,37.48,36.16,35.46,34.92,33.85,33.55,32.9,32.87,32.14,31.74,31.44,31.79,32.47,33.06,32.4,32.93,32.15,32.15,32.02,31.53,31.88,31.51,31.86,31.16,30.94,30.07,30.37,29.81,29.01,28.57
MO,2018-12-19,31.37,33.06,32.02,31.16,29.67,28.78,-3.15,-5.74,-10.25,-12.94,33.06,32.4,32.93,32.15,32.15,32.02,31.53,31.88,31.51,31.86,31.16,30.94,30.07,30.37,29.81,29.01,28.57,29.09,29.25,29.37,29.67,29.62,29.46,30.22,29.3,29.47,29.83,29.35,29.38,28.99,28.78
MO,2018-12-27,31.27,32.02,31.16,29.01,29.47,26.85,-2.68,-9.39,-7.95,-16.13,32.02,31.53,31.88,31.51,31.86,31.16,30.94,30.07,30.37,29.81,29.01,28.57,29.09,29.25,29.37,29.67,29.62,29.46,30.22,29.3,29.47,29.83,29.35,29.38,28.99,28.78,28.35,28.27,29.02,27.01,26.85
MO,2019-01-25,31.16,29.3,28.99,27.01,29.46,30.34,-1.07,-7.81,0.53,3.55,29.3,29.47,29.83,29.35,29.38,28.99,28.78,28.35,28.27,29.02,27.01,26.85,26.03,26.58,27.21,27.58,28.71,29.65,29.56,29.5,29.46,29.6,29.27,29.34,29.37,29.83,29.44,29.52,29.28,29.43,30.34
MO,2019-09-20,32.19,27.26,27.38,26.06,25.96,27.4,0.45,-4.39,-4.74,0.51,27.26,27.42,27.14,27.14,27.26,27.38,27.68,27.52,26.5,26.12,26.06,25.76,25.31,25.74,25.79,25.69,25.59,25.65,25.31,25.8,25.96,25.36,25.74,26.27,26.6,26.49,26.78,27.11,26.85,26.95,27.4
MO,2019-09-30,37.89,27.68,25.76,25.59,26.78,29.49,-6.92,-7.56,-3.23,6.55,27.68,27.52,26.5,26.12,26.06,25.76,25.31,25.74,25.79,25.69,25.59,25.65,25.31,25.8,25.96,25.36,25.74,26.27,26.6,26.49,26.78,27.11,26.85,26.95,27.4,27.45,27.93,27.96,28.74,29.23,29.49
MO,2020-02-06,30.69,32.72,31.91,29.66,29.0,26.87,-2.45,-9.33,-11.37,-17.88,32.72,32.76,32.72,32.42,32.22,31.91,32.17,32.13,30.78,30.48,29.66,29.83,29.68,29.92,29.64,29.63,29.22,29.11,29.27,28.96,29.0,28.95,29.22,29.43,28.09,27.25,27.01,25.84,25.89,26.98,26.87
MO,2020-02-20,32.07,30.48,29.64,28.96,26.98,24.51,-2.76,-4.97,-11.49,-19.59,30.48,29.66,29.83,29.68,29.92,29.64,29.63,29.22,29.11,29.27,28.96,29.0,28.95,29.22,29.43,28.09,27.25,27.01,25.84,25.89,26.98,26.87,28.17,27.68,27.03,25.87,27.03,25.96,23.35,25.69,24.51
MO,2020-03-02,31.74,29.22,28.95,27.01,25.96,22.65,-0.94,-7.57,-11.17,-22.5,29.22,29.11,29.27,28.96,29.0,28.95,29.22,29.43,28.09,27.25,27.01,25.84,25.89,26.98,26.87,28.17,27.68,27.03,25.87,27.03,25.96,23.35,25.69,24.51,25.55,24.57,23.79,21.98,20.12,21.33,22.65
MO,2020-03-13,41.34,27.25,26.87,27.03,21.33,25.35,-1.39,-0.8,-21.7,-6.95,27.25,27.01,25.84,25.89,26.98,26.87,28.17,27.68,27.03,25.87,27.03,25.96,23.35,25.69,24.51,25.55,24.57,23.79,21.98,20.12,21.33,22.65,24.14,24.14,24.58,25.48,24.78,23.86,24.65,24.56,25.35
MO,2020-03-24,33.79,27.68,23.35,23.79,23.86,26.92,-15.62,-14.04,-13.77,-2.75,27.68,27.03,25.87,27.03,25.96,23.35,25.69,24.51,25.55,24.57,23.79,21.98,20.12,21.33,22.65,24.14,24.14,24.58,25.48,24.78,23.86,24.65,24.56,25.35,26.44,26.95,26.65,27.75,26.95,26.62,26.92
MO,2020-09-28,36.24,29.48,28.68,26.05,27.84,26.45,-2.72,-11.64,-5.58,-10.29,29.48,29.19,29.35,29.53,29.38,28.68,28.06,27.36,26.66,26.48,26.05,26.33,26.28,26.75,26.35,26.54,26.73,26.77,27.13,27.2,27.84,27.73,27.95,27.78,27.05,27.16,27.27,27.15,26.91,26.58,26.45
MO,2020-10-29,30.46,27.78,26.91,26.49,26.22,27.61,-3.14,-4.65,-5.64,-0.62,27.78,27.05,27.16,27.27,27.15,26.91,26.58,26.45,26.78,26.84,26.49,25.53,25.22,25.32,24.78,25.06,25.68,26.15,25.63,25.6,26.22,27.19,27.31,27.13,27.7,28.49,28.29,27.59,27.51,27.43,27.61
MO,2020-11-02,31.32,27.16,26.45,25.22,27.31,27.73,-2.63,-7.16,0.53,2.1,27.16,27.27,27.15,26.91,26.58,26.45,26.78,26.84,26.49,25.53,25.22,25.32,24.78,25.06,25.68,26.15,25.63,25.6,26.22,27.19,27.31,27.13,27.7,28.49,28.29,27.59,27.51,27.43,27.61,28.16,27.73
MO,2021-11-03,36.56,35.98,35.63,32.59,33.19,32.12,-0.99,-9.43,-7.76,-10.72,35.98,35.56,35.39,35.78,35.63,35.63,35.43,35.55,35.1,32.94,32.59,32.55,32.62,33.22,32.96,33.4,33.3,33.09,33.06,33.17,33.19,33.4,32.84,32.82,32.52,32.07,32.5,32.69,32.57,32.32,32.12
MO,2021-12-01,33.88,33.17,32.52,32.32,33.31,35.23,-1.98,-2.58,0.42,6.21,33.17,33.19,33.4,32.84,32.82,32.52,32.07,32.5,32.69,32.57,32.32,32.12,31.5,31.76,31.93,32.45,32.83,32.87,32.89,32.95,33.31,33.51,33.54,33.96,34.98,35.65,35.55,35.29,35.3,35.17,35.23
MO,2022-06-10,31.33,39.92,41.43,41.37,32.41,32.65,3.78,3.63,-18.83,-18.22,39.92,40.54,41.28,41.75,41.69,41.43,41.42,41.48,41.23,41.05,41.37,37.91,37.27,37.49,36.12,36.15,35.66,35.44,35.38,35.69,32.41,33.2,33.89,33.73,33.73,32.61,32.62,32.99,32.58,32.14,32.65
MO,2022-06-24,30.11,41.05,36.12,35.69,32.14,33.05,-12.0,-13.06,-21.7,-19.49,41.05,41.37,37.91,37.27,37.49,36.12,36.15,35.66,35.44,35.38,35.69,32.41,33.2,33.89,33.73,33.73,32.61,32.62,32.99,32.58,32.14,32.65,32.42,32.76,33.04,32.77,32.51,32.79,33.01,33.55,33.05
MO,2022-07-07,31.07,35.44,33.89,32.99,33.01,34.4,-4.36,-6.9,-6.85,-2.93,35.44,35.38,35.69,32.41,33.2,33.89,33.73,33.73,32.61,32.62,32.99,32.58,32.14,32.65,32.42,32.76,33.04,32.77,32.51,32.79,33.01,33.55,33.05,33.4,33.65,34.23,34.47,34.41,34.36,34.25,34.4
MO,2023-08-23,36.43,37.38,37.15,36.46,37.48,37.66,-0.61,-2.48,0.25,0.73,37.38,37.49,37.59,37.46,37.32,37.15,36.98,36.59,36.32,36.17,36.46,36.3,36.34,36.64,36.87,37.1,37.36,37.57,37.83,37.57,37.48,37.46,36.98,37.15,37.45,37.77,38.12,38.02,38.31,37.81,37.66
MO,2023-10-04,38.2,37.81,36.77,36.53,37.06,34.14,-2.76,-3.4,-2.0,-9.72,37.81,37.66,37.4,37.39,37.27,36.77,36.56,36.4,36.4,36.6,36.53,36.12,35.73,36.18,36.47,36.54,37.09,36.91,36.97,36.69,37.06,37.24,37.52,37.46,37.01,37.1,36.6,36.95,37.2,34.1,34.14
MO,2023-10-30,37.38,36.97,37.46,37.2,34.92,35.78,1.32,0.61,-5.55,-3.22,36.97,36.69,37.06,37.24,37.52,37.46,37.01,37.1,36.6,36.95,37.2,34.1,34.14,34.96,34.89,34.66,35.33,35.33,35.21,35.19,34.92,34.84,34.76,34.75,34.94,35.4,35.35,35.46,35.48,35.41,35.78
T,2015-08-26,35.85,12.58,12.52,12.27,11.97,11.97,-0.47,-2.43,-4.82,-4.82,12.58,12.79,12.74,12.51,12.43,12.52,12.58,12.63,12.63,12.48,12.27,11.9,11.69,12.02,12.29,12.24,12.21,11.88,12.07,12.15,11.97,12.18,12.05,12.04,12.03,11.97,12.08,12.11,12.05,11.97,11.97
T,2016-08-25,34.13,16.9,16.94,16.11,16.23,15.73,0.21,-4.71,-3.96,-6.92,16.9,16.96,17.01,17.08,17.04,16.94,16.52,16.48,16.3,16.15,16.11,16.08,16.09,16.17,16.02,16.14,16.1,16.09,16.13,16.12,16.23,16.25,16.22,15.63,16.03,15.74,15.71,15.93,15.83,15.77,15.73
T,2016-09-12,42.34,16.08,16.1,16.25,15.97,15.67,0.1,1.03,-0.69,-2.59,16.08,16.09,16.17,16.02,16.14,16.1,16.09,16.13,16.12,16.23,16.25,16.22,15.63,16.03,15.74,15.71,15.93,15.83,15.77,15.73,15.97,16.19,16.25,16.2,16.32,16.08,16.04,15.99,16.05,15.71,15.67
T,2016-11-07,34.7,15.76,14.58,14.55,14.86,15.56,-7.49,-7.64,-5.66,-1.27,15.76,15.46,15.0,14.75,14.68,14.58,14.61,14.61,14.72,14.63,14.55,14.66,14.6,14.73,14.8,14.98,14.63,14.61,14.46,14.71,14.86,14.97,15.03,15.1,15.42,15.5,15.69,15.82,15.8,15.46,15.56
T,2017-05-05,32.1,16.61,16.48,16.08,15.76,15.9,-0.77,-3.23,-5.12,-4.27,16.61,16.61,16.66,16.48,16.52,16.48,16.69,16.47,16.36,16.14,16.08,15.85,15.69,15.91,15.92,15.77,15.87,15.86,15.89,15.93,15.76,15.46,15.66,15.78,15.79,15.81,15.75,15.78,15.73,15.91,15.9
T,2017-05-10,33.65,16.48,16.36,15.91,15.78,16.02,-0.75,-3.43,-4.23,-2.8,16.48,16.52,16.48,16.69,16.47,16.36,16.14,16.08,15.85,15.69,15.91,15.92,15.77,15.87,15.86,15.89,15.93,15.76,15.46,15.66,15.78,15.79,15.81,15.75,15.78,15.73,15.91,15.9,16.04,16.04,16.02
T,2017-05-18,35.05,16.14,15.92,15.93,15.91,15.96,-1.36,-1.3,-1.41,-1.07,16.14,16.08,15.85,15.69,15.91,15.92,15.77,15.87,15.86,15.89,15.93,15.76,15.46,15.66,15.78,15.79,15.81,15.75,15.78,15.73,15.91,15.9,16.04,16.04,16.02,15.98,16.0,15.89,16.01,16.12,15.96
T,2017-09-12,37.72,15.92,15.82,14.95,16.05,16.59,-0.66,-6.12,0.79,4.19,15.92,15.82,15.95,15.93,15.89,15.82,15.73,15.74,15.57,15.35,14.95,14.94,15.01,15.22,15.35,15.25,15.58,15.71,16.04,16.14,16.05,16.2,16.42,16.26,16.28,16.39,16.45,16.42,16.58,16.58,16.59
T,2017-11-08,33.74,15.17,14.5,14.21,14.73,15.91,-4.42,-6.3,-2.9,4.87,15.17,15.05,14.88,14.3,14.38,14.5,14.32,14.36,14.32,14.16,14.21,14.03,14.12,14.27,14.51,14.61,14.59,14.39,14.43,14.74,14.73,14.79,14.65,14.88,14.86,14.8,15.12,15.57,15.53,15.58,15.91
T,2018-03-27,32.76,16.12,16.09,15.36,15.48,15.35,-0.19,-4.69,-3.99,-4.81,16.12,16.09,16.23,16.24,16.09,16.09,16.07,15.89,15.79,15.64,15.36,15.07,15.07,15.16,15.45,15.49,15.25,15.36,15.59,15.7,15.48,15.57,15.85,15.6,15.56,15.55,15.77,15.65,15.58,15.41,15.35
T,2018-05-10,31.73,15.44,14.47,14.18,14.42,14.46,-6.28,-8.17,-6.59,-6.33,15.44,15.49,15.58,14.65,14.62,14.47,14.4,14.19,14.14,14.23,14.18,14.03,13.9,14.11,14.29,14.25,14.2,14.3,14.13,14.19,14.42,14.35,14.31,14.51,14.39,14.31,14.42,14.31,14.37,14.35,14.46
T,2018-10-29,31.06,15.13,15.01,13.99,14.33,13.72,-0.85,-7.58,-5.33,-9.38,15.13,14.63,14.86,14.91,14.92,15.01,14.97,15.14,15.05,15.21,13.99,13.81,13.4,13.66,14.04,14.13,14.05,14.06,14.11,14.26,14.33,14.3,14.14,14.18,13.97,14.06,13.88,13.95,13.98,13.55,13.72
T,2018-12-26,35.66,14.07,13.78,13.2,14.23,14.4,-2.03,-6.16,1.18,2.37,14.07,13.89,13.78,13.68,13.89,13.78,13.92,13.76,13.71,13.74,13.2,13.04,12.6,12.94,12.97,13.11,13.15,13.61,13.63,13.98,14.23,14.41,14.17,14.31,14.54,14.42,14.41,14.39,14.43,14.58,14.4
T,2020-03-02,46.2,19.41,19.55,18.86,17.55,14.44,0.71,-2.8,-9.56,-25.6,19.41,19.34,19.48,19.45,19.45,19.55,19.63,19.6,19.35,18.99,18.86,18.17,17.91,18.9,18.46,19.41,18.9,18.83,17.64,18.23,17.55,15.93,17.53,16.17,17.16,16.7,15.84,14.47,13.61,14.28,14.44
T,2020-03-13,43.16,18.99,18.46,18.23,14.28,15.29,-2.81,-4.02,-24.79,-19.46,18.99,18.86,18.17,17.91,18.9,18.46,19.41,18.9,18.83,17.64,18.23,17.55,15.93,17.53,16.17,17.16,16.7,15.84,14.47,13.61,14.28,14.44,15.56,15.17,15.37,14.82,14.26,14.62,13.96,14.97,15.29
T,2020-03-24,34.11,18.9,15.93,15.84,14.62,16.25,-15.73,-16.22,-22.65,-14.04,18.9,18.83,17.64,18.23,17.55,15.93,17.53,16.17,17.16,16.7,15.84,14.47,13.61,14.28,14.44,15.56,15.17,15.37,14.82,14.26,14.62,13.96,14.97,15.29,15.55,15.99,15.71,16.2,15.66,15.69,16.25
T,2020-09-28,37.39,15.64,15.57,14.84,15.33,14.57,-0.44,-5.11,-1.94,-6.79,15.64,15.39,15.44,15.51,15.5,15.57,15.48,15.4,15.24,15.18,14.84,14.93,14.93,15.11,15.07,15.18,15.17,15.27,15.26,15.29,15.33,15.61,15.45,15.34,15.14,14.99,14.97,14.91,14.66,14.6,14.57
T,2020-10-22,56.35,15.26,15.34,14.66,14.91,15.8,0.52,-3.95,-2.3,3.52,15.26,15.29,15.33,15.61,15.45,15.34,15.14,14.99,14.97,14.91,14.66,14.6,14.57,15.43,15.17,14.93,14.68,14.45,14.6,14.74,14.91,14.98,14.75,15.01,14.97,15.44,15.74,15.67,15.51,15.77,15.8
T,2021-08-27,31.98,16.43,16.49,16.06,16.14,15.8,0.36,-2.28,-1.74,-3.84,16.43,16.47,16.39,16.49,16.49,16.49,16.28,16.1,16.13,16.1,16.06,16.04,15.8,15.87,15.93,16.04,15.9,16.17,16.12,16.04,16.14,16.04,15.9,16.1,15.99,16.13,16.14,16.1,15.92,15.77,15.8
T,2021-12-02,34.31,14.97,14.48,14.34,13.47,14.89,-3.25,-4.21,-10.02,-0.48,14.97,14.88,14.8,14.8,14.64,14.48,14.82,14.86,14.68,14.53,14.34,13.7,13.34,13.83,14.08,13.97,13.85,13.9,13.77,13.71,13.47,13.38,13.3,14.23,14.27,14.52,14.68,14.87,14.92,14.87,14.89
T,2021-12-16,50.68,14.34,13.97,13.47,14.89,16.23,-2.55,-6.07,3.89,13.24,14.34,13.7,13.34,13.83,14.08,13.97,13.85,13.9,13.77,13.71,13.47,13.38,13.3,14.23,14.27,14.52,14.68,14.87,14.92,14.87,14.89,14.79,14.87,14.76,15.26,15.39,15.73,15.67,16.2,16.31,16.23
T,2022-06-17,37.94,17.62,17.5,16.1,17.34,17.05,-0.7,-8.64,-1.6,-3.24,17.62,17.56,17.54,17.3,17.33,17.5,17.42,17.28,17.13,16.36,16.1,16.09,15.69,16.04,16.52,16.82,17.06,17.37,17.2,17.06,17.34,17.35,17.64,17.52,17.46,17.51,17.45,17.33,17.28,17.15,17.05
T,2022-07-25,30.09,17.46,17.15,17.18,15.41,15.45,-1.74,-1.6,-11.74,-11.5,17.46,17.51,17.45,17.33,17.28,17.15,17.05,17.25,17.22,17.45,17.18,15.87,15.43,15.54,15.35,15.42,15.58,15.75,15.71,15.4,15.41,15.32,15.39,15.1,15.18,15.11,15.13,15.32,15.42,15.58,15.45
T,2022-07-27,30.06,17.45,17.25,15.43,15.39,15.46,-1.11,-11.54,-11.78,-11.39,17.45,17.33,17.28,17.15,17.05,17.25,17.22,17.45,17.18,15.87,15.43,15.54,15.35,15.42,15.58,15.75,15.71,15.4,15.41,15.32,15.39,15.1,15.18,15.11,15.13,15.32,15.42,15.58,15.45,15.46,15.46
T,2022-09-09,30.8,15.21,14.91,14.08,13.89,13.5,-1.93,-7.39,-8.66,-11.25,15.21,15.15,15.11,15.17,15.01,14.91,14.95,14.71,14.68,14.42,14.08,14.15,14.07,14.28,14.58,14.12,14.07,14.06,14.04,14.06,13.89,13.63,13.62,13.43,13.14,13.19,13.28,13.03,12.87,13.34,13.5
T,2022-10-03,36.07,14.07,13.63,13.28,12.49,15.49,-3.1,-5.61,-11.21,10.09,14.07,14.06,14.04,14.06,13.89,13.63,13.62,13.43,13.14,13.19,13.28,13.03,12.87,13.34,13.5,13.36,13.08,12.75,12.72,12.64,12.49,12.91,12.8,13.07,13.32,13.27,14.29,14.6,14.95,15.1,15.49
T,2022-10-13,38.15,13.14,13.34,12.72,14.95,15.67,1.47,-3.23,13.73,19.25,13.14,13.19,13.28,13.03,12.87,13.34,13.5,13.36,13.08,12.75,12.72,12.64,12.49,12.91,12.8,13.07,13.32,13.27,14.29,14.6,14.95,15.1,15.49,15.39,15.78,15.56,15.66,15.73,15.51,15.64,15.67
T,2023-04-21,39.14,16.79,17.29,17.41,14.99,14.52,2.99,3.67,-10.72,-13.54,16.79,17.01,17.22,17.26,17.19,17.29,17.36,17.53,17.5,17.38,17.41,17.3,15.5,16.0,15.4,15.38,15.11,15.47,15.52,15.37,14.99,15.01,14.85,15.04,15.04,14.95,14.97,14.9,14.96,14.89,14.52
T,2023-05-17,32.63,15.52,15.04,14.96,13.61,13.99,-3.06,-3.62,-12.28,-9.85,15.52,15.37,14.99,15.01,14.85,15.04,15.04,14.95,14.97,14.9,14.96,14.89,14.52,14.63,14.54,14.32,14.39,14.14,14.01,13.31,13.61,13.74,13.82,13.89,13.36,13.52,13.76,14.14,14.11,14.01,13.99
T,2023-05-22,30.49,15.01,14.97,14.63,13.89,14.08,-0.29,-2.52,-7.49,-6.2,15.01,14.85,15.04,15.04,14.95,14.97,14.9,14.96,14.89,14.52,14.63,14.54,14.32,14.39,14.14,14.01,13.31,13.61,13.74,13.82,13.89,13.36,13.52,13.76,14.14,14.11,14.01,13.99,13.89,13.91,14.08
T,2023-05-30,30.88,14.97,14.63,14.01,14.11,13.57,-2.23,-6.4,-5.69,-9.33,14.97,14.9,14.96,14.89,14.52,14.63,14.54,14.32,14.39,14.14,14.01,13.31,13.61,13.74,13.82,13.89,13.36,13.52,13.76,14.14,14.11,14.01,13.99,13.89,13.91,14.08,14.11,13.86,13.71,13.68,13.57
T,2023-06-05,32.37,14.52,14.14,13.82,13.91,14.03,-2.6,-4.84,-4.17,-3.33,14.52,14.63,14.54,14.32,14.39,14.14,14.01,13.31,13.61,13.74,13.82,13.89,13.36,13.52,13.76,14.14,14.11,14.01,13.99,13.89,13.91,14.08,14.11,13.86,13.71,13.68,13.57,13.73,13.91,13.86,14.03
T,2023-07-19,42.04,14.03,13.95,12.96,12.92,12.85,-0.57,-7.64,-7.96,-8.47,14.03,14.01,14.16,14.11,13.94,13.95,13.65,13.61,13.52,13.52,12.96,12.09,12.02,13.04,13.11,13.19,13.36,13.23,13.31,12.97,12.92,12.98,12.78,12.83,12.6,12.52,12.52,12.68,12.76,12.67,12.85
T,2024-04-17,31.17,16.3,16.13,15.35,15.76,16.16,-1.02,-5.81,-3.27,-0.85,16.3,16.2,16.22,16.3,16.27,16.13,15.97,15.9,15.74,15.45,15.35,15.28,15.14,15.17,15.37,15.54,15.35,15.53,15.82,15.6,15.76,16.02,15.89,15.92,15.83,15.86,15.99,16.07,16.1,16.17,16.16
AAPL,2015-08-10,43.88,28.05,27.55,25.85,25.88,25.27,-1.78,-7.84,-7.74,-9.88,28.05,28.03,27.88,27.5,27.63,27.55,27.41,27.17,26.53,25.68,25.85,25.9,25.99,26.93,25.53,25.93,25.91,26.09,26.36,26.21,25.88,25.34,23.79,23.2,23.34,24.68,25.4,25.49,25.37,24.23,25.27
AAPL,2015-08-26,39.56,25.99,26.09,23.79,24.58,25.92,0.38,-8.45,-5.41,-0.27,25.99,26.93,25.53,25.93,25.91,26.09,26.36,26.21,25.88,25.34,23.79,23.2,23.34,24.68,25.4,25.49,25.37,24.23,25.27,24.83,24.58,25.27,24.78,25.33,25.7,25.94,26.16,26.19,25.63,25.52,25.92
AAPL,2015-12-21,33.44,26.27,26.12,25.16,23.78,21.95,-0.57,-4.25,-9.48,-16.47,26.27,26.03,26.89,26.72,26.71,26.12,26.25,25.57,25.41,24.96,25.16,24.62,23.96,24.25,24.23,24.54,24.41,24.14,24.57,24.25,23.78,23.8,23.21,22.75,21.79,21.91,22.26,22.59,22.0,22.49,21.95
AAPL,2016-01-12,33.78,24.23,24.25,21.79,22.92,21.36,0.08,-10.05,-5.42,-11.84,24.23,24.54,24.41,24.14,24.57,24.25,23.78,23.8,23.21,22.75,21.79,21.91,22.26,22.59,22.0,22.49,21.95,21.84,21.87,21.76,22.92,22.47,22.59,21.11,21.26,21.99,21.79,21.35,21.77,21.94,21.36
AAPL,2016-05-16,38.53,22.22,21.4,21.14,22.77,22.78,-3.71,-4.85,2.46,2.49,22.22,21.54,21.29,21.27,21.62,21.4,21.31,21.19,21.21,21.35,21.14,20.65,20.69,21.46,21.37,21.61,21.53,21.76,22.04,22.38,22.77,22.95,22.94,22.82,22.5,22.33,22.38,22.54,22.63,22.61,22.78
AAPL,2016-11-15,35.84,26.31,25.37,24.9,25.82,26.32,-3.57,-5.36,-1.85,0.05,26.31,26.13,26.09,25.62,25.64,25.37,25.14,25.5,25.65,25.61,24.9,25.04,24.42,24.74,25.4,25.4,25.42,25.81,25.82,25.69,25.82,25.77,25.74,25.53,25.29,25.38,25.2,25.4,25.64,25.9,26.32
AAPL,2018-02-06,37.8,42.07,40.16,39.38,40.76,41.52,-4.55,-6.4,-3.1,-1.3,42.07,41.88,41.54,41.55,40.89,40.16,40.25,39.42,39.19,39.29,39.38,37.67,36.73,38.26,37.44,36.41,36.86,38.34,38.73,39.44,40.76,40.63,40.5,40.31,40.65,41.36,42.17,42.04,41.97,41.24,41.52
AAPL,2018-02-09,33.35,41.55,39.19,38.26,40.31,41.24,-5.69,-7.91,-2.98,-0.73,41.55,40.89,40.16,40.25,39.42,39.19,39.29,39.38,37.67,36.73,38.26,37.44,36.41,36.86,38.34,38.73,39.44,40.76,40.63,40.5,40.31,40.65,41.36,42.17,42.04,41.97,41.24,41.52,41.67,41.63,41.24
AAPL,2018-11-28,37.4,49.66,45.6,41.04,40.4,34.98,-8.19,-17.36,-18.65,-29.57,49.66,48.71,46.25,45.79,44.5,45.6,46.1,44.27,42.16,42.11,41.04,41.6,41.51,43.1,42.77,42.54,44.03,42.09,41.62,40.14,40.4,40.17,40.28,40.72,39.42,39.05,39.56,38.33,37.36,35.91,34.98
AAPL,2018-12-26,36.49,41.62,40.72,37.36,35.24,36.52,-2.16,-10.24,-15.33,-12.26,41.62,40.14,40.4,40.17,40.28,40.72,39.42,39.05,39.56,38.33,37.36,35.91,34.98,37.44,37.2,37.22,37.57,37.62,33.87,35.32,35.24,35.91,36.52,36.64,36.28,35.73,36.46,36.91,37.13,37.36,36.52
AAPL,2019-01-04,35.13,39.42,35.91,37.57,36.46,39.36,-8.91,-4.68,-7.5,-0.14,39.42,39.05,39.56,38.33,37.36,35.91,34.98,37.44,37.2,37.22,37.57,37.62,33.87,35.32,35.24,35.91,36.52,36.64,36.28,35.73,36.46,36.91,37.13,37.36,36.52,36.67,36.37,37.58,37.23,36.85,39.36
AAPL,2019-06-04,40.04,45.85,43.89,42.82,46.63,47.97,-4.26,-6.61,1.69,4.62,45.85,45.65,45.39,43.97,44.81,43.89,43.15,42.98,42.8,42.6,42.82,42.04,41.62,43.14,43.84,44.48,45.66,46.25,46.78,46.63,46.63,46.29,46.56,47.66,47.52,47.9,47.74,47.69,46.97,47.98,47.97
AAPL,2020-03-02,46.64,77.46,78.43,70.93,66.75,59.5,1.25,-8.44,-13.82,-23.18,77.46,79.3,78.74,78.76,77.31,78.43,77.63,75.87,72.27,69.82,70.93,66.29,66.25,72.42,70.12,73.37,70.99,70.05,64.51,69.16,66.75,60.16,67.37,58.7,61.28,59.78,59.33,55.56,54.38,59.83,59.5
AAPL,2021-03-01,45.59,132.88,127.83,122.46,117.22,117.32,-3.8,-7.84,-11.79,-11.71,132.88,132.27,132.02,132.25,130.12,127.83,126.72,126.88,123.1,122.96,122.46,118.2,118.47,124.85,122.24,119.25,117.36,118.62,113.68,118.3,117.22,119.15,118.24,121.13,122.68,121.89,117.75,117.23,120.55,119.72,117.32
AAPL,2022-10-03,36.06,153.07,151.5,147.68,136.34,147.2,-1.02,-3.52,-10.93,-3.84,153.07,150.17,148.53,152.25,154.64,151.5,150.54,148.26,148.6,149.57,147.68,140.43,136.21,140.4,143.99,144.29,143.33,138.07,138.39,136.98,136.34,140.93,136.38,140.36,141.68,141.79,141.32,145.15,147.29,150.14,147.2
AAPL,2022-12-29,36.86,140.34,132.79,130.17,129.06,140.05,-5.38,-7.25,-8.04,-0.21,140.34,142.64,143.61,141.38,134.75,132.79,130.68,130.61,133.72,130.54,130.17,128.37,124.43,127.95,128.27,123.47,124.74,123.42,127.96,128.49,129.06,131.78,131.7,133.04,134.2,133.48,133.54,136.11,139.31,140.71,140.05
AAPL,2023-08-08,32.0,191.22,191.3,189.27,172.51,186.26,0.05,-1.01,-9.78,-2.59,191.22,190.04,190.84,191.7,192.57,191.3,193.89,194.5,193.67,190.67,189.27,180.19,177.08,178.02,176.42,176.21,176.27,177.92,175.93,175.06,172.51,172.99,174.33,175.71,179.57,174.87,177.08,178.64,182.54,186.04,186.26
AAPL,2023-08-11,30.02,191.7,193.67,178.02,175.71,181.34,1.03,-7.14,-8.34,-5.4,191.7,192.57,191.3,193.89,194.5,193.67,190.67,189.27,180.19,177.08,178.02,176.42,176.21,176.27,177.92,175.93,175.06,172.51,172.99,174.33,175.71,179.57,174.87,177.08,178.64,182.54,186.04,186.26,187.84,188.07,181.34
AAPL,2023-08-21,33.32,190.67,176.42,175.06,186.04,174.23,-7.47,-8.19,-2.43,-8.62,190.67,189.27,180.19,177.08,178.02,176.42,176.21,176.27,177.92,175.93,175.06,172.51,172.99,174.33,175.71,179.57,174.87,177.08,178.64,182.54,186.04,186.26,187.84,188.07,181.34,176.04,176.65,177.82,174.79,172.72,174.23
AAPL,2024-01-08,41.37,194.47,191.65,182.91,187.26,185.5,-1.45,-5.94,-3.71,-4.61,194.47,195.51,193.41,193.26,192.19,191.65,191.75,192.17,191.13,184.29,182.91,180.59,179.86,184.21,183.79,184.84,184.24,184.57,182.3,181.35,187.26,190.17,192.48,193.76,193.09,192.76,191.02,190.34,186.67,183.06,185.5
AAPL,2024-03-11,34.11,181.23,180.33,168.1,177.6,167.81,-0.49,-7.24,-2.0,-7.4,181.23,183.26,181.42,180.07,181.53,180.33,179.66,178.58,174.05,169.1,168.1,167.99,169.71,171.71,172.19,170.1,171.96,171.58,172.68,175.02,177.6,170.34,171.25,169.82,168.69,172.27,170.45,169.01,167.83,168.63,167.81
AAPL,2025-01-22,31.62,249.82,242.12,227.71,235.43,244.28,-3.08,-8.85,-5.76,-2.22,249.82,243.26,242.77,244.41,241.63,242.12,236.28,233.84,232.72,237.3,227.71,229.43,222.1,223.29,223.12,222.24,229.31,237.69,238.78,237.02,235.43,227.46,232.24,231.91,232.66,227.08,227.35,232.32,236.56,241.21,244.28
AAPL,2025-03-14,31.21,246.72,235.62,220.55,223.46,172.19,-4.5,-10.61,-9.43,-30.21,246.72,240.05,236.99,241.52,237.72,235.62,235.43,235.02,238.76,227.18,220.55,216.7,209.41,213.21,213.72,212.41,214.96,213.82,217.98,220.44,223.46,221.24,223.56,217.61,221.84,222.9,223.6,202.92,188.13,181.22,172.19
AAPL,2025-04-09,41.87,217.98,217.61,188.13,192.91,198.63,-0.17,-13.69,-11.5,-8.88,217.98,220.44,223.46,221.24,223.56,217.61,221.84,222.9,223.6,202.92,188.13,181.22,172.19,198.59,190.17,197.89,202.25,201.88,194.02,196.72,192.91,199.48,204.33,208.1,209.01,209.86,210.93,212.22,213.04,205.08,198.63
BEN,2015-08-27,32.43,28.25,27.51,24.78,25.19,23.9,-2.6,-12.29,-10.82,-15.4,28.25,27.63,27.65,27.39,27.42,27.51,27.59,27.2,26.44,25.76,24.78,24.42,25.14,25.81,25.93,25.51,24.8,24.85,25.03,24.52,25.19,24.93,24.71,24.78,24.63,24.8,24.89,24.85,24.21,24.3,23.9
BEN,2015-09-03,30.44,27.51,24.78,25.51,24.8,22.95,-9.94,-7.27,-9.85,-16.58,27.51,27.59,27.2,26.44,25.76,24.78,24.42,25.14,25.81,25.93,25.51,24.8,24.85,25.03,24.52,25.19,24.93,24.71,24.78,24.63,24.8,24.89,24.85,24.21,24.3,23.9,23.6,23.43,23.49,23.17,22.95
BEN,2015-09-08,36.54,27.2,25.14,24.85,24.85,23.41,-7.58,-8.67,-8.64,-13.96,27.2,26.44,25.76,24.78,24.42,25.14,25.81,25.93,25.51,24.8,24.85,25.03,24.52,25.19,24.93,24.71,24.78,24.63,24.8,24.89,24.85,24.21,24.3,23.9,23.6,23.43,23.49,23.17,22.95,23.52,23.41
BEN,2015-09-30,34.27,24.78,24.21,23.49,24.52,25.36,-2.31,-5.23,-1.05,2.34,24.78,24.63,24.8,24.89,24.85,24.21,24.3,23.9,23.6,23.43,23.49,23.17,22.95,23.52,23.41,23.83,24.41,24.44,24.63,24.55,24.52,24.0,23.67,23.65,23.87,24.28,24.08,24.1,23.95,25.11,25.36
BEN,2015-12-16,31.4,26.25,25.97,22.84,23.42,21.56,-1.06,-12.99,-10.78,-17.83,26.25,26.46,26.4,25.9,25.51,25.97,25.77,24.82,24.31,24.28,22.84,22.17,22.47,22.82,22.38,22.09,22.24,22.61,23.58,23.45,23.42,23.72,23.49,23.35,22.95,22.91,22.33,21.61,21.34,21.25,21.56
BEN,2015-12-22,34.41,25.51,24.28,22.38,22.95,20.96,-4.82,-12.3,-10.06,-17.84,25.51,25.97,25.77,24.82,24.31,24.28,22.84,22.17,22.47,22.82,22.38,22.09,22.24,22.61,23.58,23.45,23.42,23.72,23.49,23.35,22.95,22.91,22.33,21.61,21.34,21.25,21.56,20.92,21.17,20.68,20.96
BEN,2016-01-12,32.74,22.61,23.49,21.61,21.59,21.38,3.88,-4.43,-4.51,-5.43,22.61,23.58,23.45,23.42,23.72,23.49,23.35,22.95,22.91,22.33,21.61,21.34,21.25,21.56,20.92,21.17,20.68,20.96,20.87,21.06,21.59,20.63,21.17,21.06,21.13,21.98,21.37,20.45,20.78,21.43,21.38
BEN,2016-01-14,32.13,23.45,22.95,21.25,21.17,20.35,-2.14,-9.39,-9.74,-13.2,23.45,23.42,23.72,23.49,23.35,22.95,22.91,22.33,21.61,21.34,21.25,21.56,20.92,21.17,20.68,20.96,20.87,21.06,21.59,20.63,21.17,21.06,21.13,21.98,21.37,20.45,20.78,21.43,21.38,20.59,20.35
BEN,2016-01-19,33.04,23.72,22.33,20.92,21.13,19.95,-5.88,-11.82,-10.94,-15.91,23.72,23.49,23.35,22.95,22.91,22.33,21.61,21.34,21.25,21.56,20.92,21.17,20.68,20.96,20.87,21.06,21.59,20.63,21.17,21.06,21.13,21.98,21.37,20.45,20.78,21.43,21.38,20.59,20.35,20.58,19.95
BEN,2016-06-17,32.65,23.8,22.59,20.97,19.88,22.1,-5.09,-11.89,-16.46,-7.17,23.8,23.46,22.8,22.68,22.81,22.59,22.46,21.93,21.53,21.2,20.97,21.06,21.06,21.25,21.51,21.55,21.5,22.04,20.42,19.54,19.88,20.82,21.39,21.2,20.7,20.85,20.9,21.78,21.76,22.33,22.1
BEN,2016-06-28,31.04,21.93,21.06,22.04,21.78,22.54,-3.98,0.46,-0.7,2.78,21.93,21.53,21.2,20.97,21.06,21.06,21.25,21.51,21.55,21.5,22.04,20.42,19.54,19.88,20.82,21.39,21.2,20.7,20.85,20.9,21.78,21.76,22.33,22.1,22.2,22.24,22.43,22.17,22.51,22.44,22.54
BEN,2017-08-14,33.27,30.86,28.72,28.49,27.68,26.89,-6.95,-7.69,-10.31,-12.88,30.86,30.0,29.21,29.27,29.23,28.72,28.65,28.63,28.49,28.53,28.49,27.86,27.94,28.12,28.03,27.99,27.49,27.34,27.3,27.79,27.68,27.71,27.89,27.84,27.71,27.85,28.26,28.37,27.28,27.2,26.89
BEN,2017-08-22,36.73,28.65,27.86,27.49,28.26,27.77,-2.74,-4.04,-1.37,-3.08,28.65,28.63,28.49,28.53,28.49,27.86,27.94,28.12,28.03,27.99,27.49,27.34,27.3,27.79,27.68,27.71,27.89,27.84,27.71,27.85,28.26,28.37,27.28,27.2,26.89,26.82,27.28,27.58,27.45,27.55,27.77
BEN,2017-11-01,34.05,29.31,29.59,28.15,27.01,27.04,0.96,-3.94,-7.86,-7.75,29.31,29.38,29.15,29.41,29.46,29.59,29.24,29.41,28.99,28.86,28.15,27.93,27.66,27.85,28.25,28.09,27.96,27.43,27.5,27.14,27.01,26.79,26.81,26.56,26.62,26.58,26.76,27.3,27.18,27.06,27.04
BEN,2017-11-20,31.41,27.85,27.5,26.56,28.46,28.28,-1.23,-4.62,2.22,1.56,27.85,28.25,28.09,27.96,27.43,27.5,27.14,27.01,26.79,26.81,26.56,26.62,26.58,26.76,27.3,27.18,27.06,27.04,27.69,28.32,28.46,28.55,29.3,28.99,29.08,29.22,29.33,28.96,28.99,28.69,28.28
BEN,2018-02-06,30.32,29.46,29.81,27.77,25.78,25.6,1.19,-5.74,-12.48,-13.09,29.46,29.63,29.93,30.04,30.05,29.81,30.27,29.78,28.2,27.99,27.77,26.98,25.71,26.22,26.03,25.08,25.23,25.63,25.64,26.28,25.78,25.81,25.65,25.79,25.56,25.95,26.3,25.85,25.52,25.32,25.6
BEN,2018-02-12,31.65,30.05,27.99,26.03,25.56,26.08,-6.83,-13.36,-14.94,-13.18,30.05,29.81,30.27,29.78,28.2,27.99,27.77,26.98,25.71,26.22,26.03,25.08,25.23,25.63,25.64,26.28,25.78,25.81,25.65,25.79,25.56,25.95,26.3,25.85,25.52,25.32,25.6,25.99,26.14,25.95,26.08
BEN,2018-10-15,33.65,22.81,22.21,21.68,20.76,23.09,-2.63,-4.98,-9.02,1.22,22.81,22.73,22.28,22.34,22.34,22.21,22.43,22.37,22.67,22.39,21.68,20.91,20.91,21.21,21.69,21.9,21.36,21.8,21.28,21.13,20.76,21.5,21.47,21.71,22.7,22.35,22.71,22.49,22.58,22.88,23.09
BEN,2018-12-26,36.27,23.83,23.38,20.96,22.48,23.17,-1.91,-12.05,-5.68,-2.79,23.83,23.62,23.48,23.11,23.43,23.38,22.98,22.34,21.95,21.31,20.96,20.81,20.34,21.2,21.41,21.56,21.92,22.07,21.66,22.37,22.48,22.61,22.41,22.52,22.42,22.43,22.66,22.91,22.97,23.31,23.17
BEN,2019-09-05,36.98,20.55,19.62,19.73,22.32,21.87,-4.53,-3.98,8.62,6.41,20.55,20.49,20.3,20.3,20.32,19.62,19.47,19.48,19.52,19.78,19.73,19.54,19.69,20.29,20.21,20.86,21.36,22.13,22.37,22.46,22.32,22.12,22.1,22.19,22.03,21.83,21.35,21.62,21.52,21.69,21.87
BEN,2020-03-02,42.47,19.26,19.42,17.62,14.39,12.85,0.83,-8.55,-25.28,-33.27,19.26,18.84,18.53,18.65,19.94,19.42,19.65,19.29,18.52,18.05,17.62,17.33,16.66,17.88,17.91,17.93,16.94,16.57,14.94,15.43,14.39,12.83,13.86,13.6,15.43,15.16,14.87,12.94,11.71,12.68,12.85
BEN,2020-03-10,31.46,19.65,17.33,16.94,14.87,12.49,-11.8,-13.79,-24.31,-36.45,19.65,19.29,18.52,18.05,17.62,17.33,16.66,17.88,17.91,17.93,16.94,16.57,14.94,15.43,14.39,12.83,13.86,13.6,15.43,15.16,14.87,12.94,11.71,12.68,12.85,13.95,13.28,13.81,12.98,12.33,12.49
BEN,2020-03-13,31.16,18.05,17.91,15.43,12.68,12.94,-0.81,-14.55,-29.77,-28.32,18.05,17.62,17.33,16.66,17.88,17.91,17.93,16.94,16.57,14.94,15.43,14.39,12.83,13.86,13.6,15.43,15.16,14.87,12.94,11.71,12.68,12.85,13.95,13.28,13.81,12.98,12.33,12.49,12.14,13.03,12.94
BEN,2020-03-24,35.41,16.94,12.83,14.87,12.49,12.71,-24.27,-12.2,-26.28,-25.0,16.94,16.57,14.94,15.43,14.39,12.83,13.86,13.6,15.43,15.16,14.87,12.94,11.71,12.68,12.85,13.95,13.28,13.81,12.98,12.33,12.49,12.14,13.03,12.94,13.37,13.07,12.51,12.69,11.91,11.99,12.71
BEN,2020-11-02,38.14,18.69,18.17,14.88,16.26,17.82,-2.78,-20.38,-13.03,-4.66,18.69,18.86,18.75,18.52,18.35,18.17,18.51,18.54,18.23,15.75,14.88,14.88,14.97,15.64,15.98,15.36,16.07,15.5,16.3,16.57,16.26,15.82,16.37,16.98,17.15,17.02,16.65,16.44,16.97,17.86,17.82
BEN,2021-07-20,36.1,26.3,25.55,24.82,24.5,27.28,-2.84,-5.63,-6.85,3.72,26.3,26.52,26.27,25.98,26.4,25.55,26.43,26.54,25.24,24.85,24.82,24.18,23.5,24.11,24.6,24.2,24.09,24.55,24.2,24.01,24.5,24.29,24.48,25.25,25.16,25.52,26.03,26.63,26.98,27.48,27.28
BEN,2022-09-19,38.16,22.38,22.28,20.99,19.71,18.29,-0.42,-6.19,-11.93,-18.28,22.38,22.3,22.18,22.14,22.16,22.28,22.46,22.56,22.88,21.08,20.99,20.98,20.65,21.23,20.99,20.74,20.28,20.02,19.59,19.36,19.71,19.23,18.64,19.44,20.29,20.2,19.88,18.93,18.81,18.52,18.29
BEN,2022-09-28,30.47,22.56,20.65,20.02,18.93,19.52,-8.49,-11.26,-16.12,-13.51,22.56,22.88,21.08,20.99,20.98,20.65,21.23,20.99,20.74,20.28,20.02,19.59,19.36,19.71,19.23,18.64,19.44,20.29,20.2,19.88,18.93,18.81,18.52,18.29,19.24,18.81,19.26,19.51,19.27,18.83,19.52
BEN,2022-10-03,35.38,20.99,20.74,19.71,18.29,20.31,-1.18,-6.11,-12.88,-3.22,20.99,20.98,20.65,21.23,20.99,20.74,20.28,20.02,19.59,19.36,19.71,19.23,18.64,19.44,20.29,20.2,19.88,18.93,18.81,18.52,18.29,19.24,18.81,19.26,19.51,19.27,18.83,19.52,19.77,20.31,20.31
BEN,2023-03-21,36.23,25.46,24.39,23.62,23.27,23.71,-4.23,-7.23,-8.6,-6.9,25.46,25.93,25.61,24.76,25.09,24.39,24.16,23.7,23.94,23.57,23.62,23.02,23.08,23.61,23.05,22.95,23.04,23.17,23.11,23.25,23.27,23.88,23.87,23.64,23.58,23.58,23.58,24.07,23.42,23.86,23.71
BEN,2023-05-17,35.34,23.82,22.64,21.71,21.81,23.4,-4.99,-8.89,-8.44,-1.79,23.82,23.16,22.35,22.28,22.25,22.64,22.48,22.26,22.16,21.73,21.71,21.72,21.29,21.68,21.87,21.71,21.81,21.6,21.34,21.5,21.81,21.9,21.28,21.64,22.18,22.19,22.81,23.27,23.18,23.37,23.4
BEN,2023-08-23,35.7,25.4,25.02,23.54,24.09,23.42,-1.52,-7.34,-5.19,-7.8,25.4,25.58,25.23,25.06,25.05,25.02,24.94,24.15,23.75,23.54,23.54,23.13,22.75,23.3,22.96,23.12,23.26,23.77,23.85,23.97,24.09,23.42,23.4,23.24,23.24,23.27,23.4,23.23,23.5,23.53,23.42
BEN,2023-09-28,35.18,23.27,23.42,22.35,21.68,20.19,0.65,-3.97,-6.82,-13.26,23.27,23.4,23.23,23.5,23.53,23.42,23.51,23.23,22.57,22.43,22.35,21.84,21.76,22.2,22.31,21.97,21.19,21.54,21.69,21.77,21.68,21.86,21.51,20.77,20.56,20.83,21.17,20.78,20.54,20.48,20.19
BEN,2023-10-04,33.26,23.53,22.43,22.31,20.56,20.38,-4.69,-5.19,-12.63,-13.41,23.53,23.42,23.51,23.23,22.57,22.43,22.35,21.84,21.76,22.2,22.31,21.97,21.19,21.54,21.69,21.77,21.68,21.86,21.51,20.77,20.56,20.83,21.17,20.78,20.54,20.48,20.19,20.48,20.2,20.65,20.38
BEN,2023-10-16,32.62,21.76,21.54,21.51,20.2,21.41,-1.0,-1.13,-7.13,-1.59,21.76,22.2,22.31,21.97,21.19,21.54,21.69,21.77,21.68,21.86,21.51,20.77,20.56,20.83,21.17,20.78,20.54,20.48,20.19,20.48,20.2,20.65,20.38,20.43,20.68,20.47,21.36,22.01,21.63,21.37,21.41
BEN,2023-10-24,35.0,21.69,20.77,20.54,21.36,22.28,-4.27,-5.31,-1.55,2.72,21.69,21.77,21.68,21.86,21.51,20.77,20.56,20.83,21.17,20.78,20.54,20.48,20.19,20.48,20.2,20.65,20.38,20.43,20.68,20.47,21.36,22.01,21.63,21.37,21.41,20.87,20.8,20.42,21.73,22.29,22.28
BEN,2024-05-03,31.99,22.93,23.5,21.19,22.66,21.1,2.51,-7.57,-1.17,-7.97,22.93,23.02,23.21,23.33,23.73,23.5,23.52,23.28,23.19,21.69,21.19,21.13,21.31,21.69,21.73,21.62,21.78,22.4,22.03,22.22,22.66,22.74,22.42,22.53,22.21,22.15,22.04,21.46,21.65,21.4,21.1
BEN,2024-06-17,35.32,21.1,21.64,20.95,20.9,21.83,2.55,-0.7,-0.92,3.45,21.1,21.39,21.9,21.71,21.76,21.64,21.54,21.24,21.2,20.84,20.95,20.37,20.25,20.56,20.78,20.97,21.18,21.5,21.2,21.06,20.9,21.03,20.82,20.91,21.11,20.78,20.83,20.75,21.12,21.71,21.83
BEN,2024-12-20,37.74,21.39,21.34,20.38,19.54,18.97,-0.22,-4.73,-8.67,-11.3,21.39,21.65,21.39,20.93,21.3,21.34,21.38,21.1,20.98,20.91,20.38,19.23,19.07,19.57,19.54,19.94,20.02,19.73,19.51,19.68,19.54,19.8,19.4,19.15,19.21,18.55,18.42,18.83,19.04,18.82,18.97
BEN,2025-04-09,47.16,19.27,18.7,17.27,17.11,19.74,-2.97,-10.39,-11.21,2.4,19.27,19.47,19.43,19.26,19.25,18.7,18.99,19.05,19.17,17.71,17.27,16.64,16.43,18.33,17.48,17.66,17.81,17.73,17.31,17.37,17.11,17.8,18.14,18.49,18.46,18.47,18.49,18.5,18.48,19.79,19.74
AMD,2016-01-21,41.75,2.87,2.14,2.03,2.14,1.83,-25.44,-29.27,-25.44,-36.24,2.87,2.77,2.75,2.51,2.28,2.14,2.34,2.39,2.25,2.21,2.03,1.95,1.8,2.09,2.02,2.12,2.07,2.13,2.08,2.2,2.14,1.99,2.07,2.09,1.98,1.93,1.9,1.84,1.86,1.83,1.83
AMD,2017-05-10,37.07,13.0,13.3,10.19,11.41,11.24,2.31,-21.62,-12.23,-13.54,13.0,13.13,13.49,13.41,13.62,13.3,13.62,10.32,10.39,10.1,10.19,10.04,10.18,10.79,11.07,11.26,11.42,12.75,11.2,11.28,11.41,11.04,10.89,10.89,10.98,11.0,11.12,11.19,10.93,10.9,11.24
AMD,2017-11-03,31.57,14.16,14.25,10.99,11.12,10.83,0.64,-22.39,-21.47,-23.52,14.16,14.07,13.95,13.81,14.1,14.25,12.33,12.01,11.84,10.89,10.99,10.8,10.85,11.12,11.93,12.05,11.71,11.12,11.26,11.09,11.12,11.07,11.25,11.38,11.34,11.4,11.37,11.38,11.55,11.17,10.83
AMD,2017-12-11,34.21,11.4,10.83,10.0,10.98,11.88,-5.0,-12.28,-3.68,4.21,11.4,11.37,11.38,11.55,11.17,10.83,10.89,10.73,10.03,9.91,10.0,10.04,9.94,10.16,9.9,10.11,10.13,10.29,10.98,10.95,10.98,10.89,10.54,10.46,10.53,10.55,10.28,10.98,11.55,12.12,11.88
AMD,2018-03-29,31.42,11.52,11.43,10.44,9.98,10.09,-0.78,-9.38,-13.37,-12.41,11.52,11.64,11.36,11.46,11.47,11.43,11.11,11.26,10.91,10.63,10.44,10.0,9.81,10.05,9.53,9.55,9.77,10.02,9.61,9.53,9.98,9.82,10.08,9.93,10.09,10.52,10.36,10.11,9.99,10.04,10.09
AMD,2018-04-04,32.1,11.46,10.91,10.05,9.93,11.11,-4.8,-12.3,-13.35,-3.05,11.46,11.47,11.43,11.11,11.26,10.91,10.63,10.44,10.0,9.81,10.05,9.53,9.55,9.77,10.02,9.61,9.53,9.98,9.82,10.08,9.93,10.09,10.52,10.36,10.11,9.99,10.04,10.09,9.71,11.04,11.11
AMD,2018-10-31,31.05,26.34,23.66,17.63,21.03,20.08,-10.17,-33.07,-20.16,-23.77,26.34,26.26,28.18,27.3,26.62,23.66,25.03,25.09,22.79,19.27,17.63,16.85,17.2,18.21,20.22,20.23,19.9,20.68,21.84,21.2,21.03,19.03,19.61,20.81,21.49,20.66,19.11,19.21,18.73,19.38,20.08
AMD,2021-03-09,39.26,88.64,82.42,77.75,78.12,81.09,-7.02,-12.29,-11.87,-8.52,88.64,89.58,85.37,84.74,86.94,82.42,84.51,86.39,84.13,80.86,77.75,78.52,73.96,78.53,77.52,81.23,81.05,82.5,82.75,82.63,78.12,79.06,80.3,78.38,76.48,76.22,77.41,77.14,76.0,78.5,81.09
AMD,2022-01-31,38.74,137.31,128.27,110.71,132.85,116.61,-6.58,-19.37,-3.25,-15.08,137.31,137.47,132.74,136.88,131.93,128.27,121.89,118.81,116.53,111.13,110.71,102.6,105.24,114.25,116.78,122.76,120.08,123.6,123.67,128.23,132.85,125.77,113.18,114.27,121.47,117.69,112.37,113.83,115.65,109.76,116.61
AMD,2022-10-03,31.76,77.45,74.48,68.36,57.85,59.73,-3.83,-11.74,-25.31,-22.88,77.45,76.66,76.51,76.77,75.25,74.48,69.5,67.96,66.3,67.17,68.36,64.14,63.36,66.11,67.9,67.94,67.85,58.44,57.81,57.63,57.85,58.94,55.94,57.96,57.92,57.23,57.77,58.82,58.7,61.47,59.73
AMD,2022-10-17,30.97,68.36,67.94,57.85,59.73,59.92,-0.61,-15.37,-12.62,-12.35,68.36,64.14,63.36,66.11,67.9,67.94,67.85,58.44,57.81,57.63,57.85,58.94,55.94,57.96,57.92,57.23,57.77,58.82,58.7,61.47,59.73,58.6,62.01,60.06,59.66,58.63,60.11,62.19,63.08,63.85,59.92
AMD,2024-04-22,31.34,180.77,167.14,154.02,144.27,159.67,-7.54,-14.8,-20.19,-11.67,180.77,165.83,170.42,169.9,170.78,167.14,170.5,163.28,160.32,163.46,154.02,155.08,146.64,148.64,152.27,151.74,153.76,157.4,160.2,158.38,144.27,146.16,150.6,155.78,154.43,153.62,152.39,151.92,150.56,153.16,159.67
AMD,2024-07-26,31.89,177.1,177.55,154.0,130.18,156.4,0.25,-13.04,-26.49,-11.69,177.1,183.96,181.94,181.61,179.83,177.55,159.43,155.77,151.58,155.87,154.0,144.63,138.32,139.99,139.75,138.44,144.48,132.54,132.5,134.82,130.18,128.67,136.32,134.27,136.77,141.13,140.75,147.36,148.56,155.28,156.4
AMD,2024-12-23,37.92,143.99,130.15,121.41,125.37,122.28,-9.61,-15.68,-12.93,-15.08,143.99,141.36,138.59,130.87,127.74,130.15,130.6,126.91,126.69,125.02,121.41,118.88,119.21,124.6,126.29,125.06,125.19,122.44,120.79,120.63,125.37,129.55,127.33,121.84,116.04,117.32,116.09,119.96,118.44,121.46,122.28
AMD,2025-03-04,33.69,111.72,114.17,99.51,98.11,106.65,2.19,-10.93,-12.18,-4.54,111.72,111.81,113.1,114.28,114.69,114.17,110.84,108.11,103.96,104.74,99.51,99.86,98.23,100.75,101.67,98.85,100.31,96.63,96.76,100.79,98.11,100.97,104.59,103.51,106.23,107.14,106.44,113.85,114.81,110.19,106.65
AMD,2025-04-09,46.96,106.44,103.22,85.76,85.56,100.59,-3.03,-19.43,-19.62,-5.5,106.44,113.85,114.81,110.19,106.65,103.22,102.74,102.78,102.96,93.8,85.76,83.64,78.21,96.84,88.7,93.4,94.5,95.29,88.29,87.5,85.56,86.26,90.39,94.47,96.65,96.39,96.06,97.35,96.65,98.8,100.59
DOW,2020-01-29,41.33,38.48,38.69,35.75,35.41,34.09,0.56,-7.09,-7.97,-11.4,38.48,37.97,38.59,38.51,38.53,38.69,39.32,38.78,37.5,37.05,35.75,34.78,34.77,36.62,35.73,33.96,34.46,35.42,36.57,36.27,35.41,35.53,35.97,36.4,35.61,35.85,35.2,35.06,35.95,35.61,34.09
DOW,2020-03-02,33.28,35.97,35.06,31.74,20.98,22.77,-2.52,-11.76,-41.68,-36.7,35.97,36.4,35.61,35.85,35.2,35.06,35.95,35.61,34.09,32.4,31.74,29.64,30.28,31.04,30.4,31.41,30.05,29.2,22.88,23.53,20.98,17.74,19.25,16.49,19.93,19.81,21.07,20.56,19.92,21.34,22.77
DOW,2020-03-17,31.57,29.64,30.05,17.74,22.24,27.4,1.39,-40.15,-24.96,-7.56,29.64,30.28,31.04,30.4,31.41,30.05,29.2,22.88,23.53,20.98,17.74,19.25,16.49,19.93,19.81,21.07,20.56,19.92,21.34,22.77,22.24,21.4,21.47,21.91,20.26,21.01,20.96,22.89,24.23,26.07,27.4
DOW,2021-06-21,35.55,55.23,55.15,52.54,50.69,49.59,-0.16,-4.87,-8.22,-10.21,55.23,56.56,56.37,55.47,55.58,55.15,54.46,54.47,53.64,53.85,52.54,50.9,49.65,50.56,50.87,50.59,50.56,50.7,50.39,50.45,50.69,50.87,50.88,49.61,49.87,49.19,50.53,50.64,50.23,49.92,49.59
DOW,2021-07-20,30.53,50.69,49.19,49.59,50.15,51.28,-2.96,-2.16,-1.07,1.15,50.69,50.87,50.88,49.61,49.87,49.19,50.53,50.64,50.23,49.92,49.59,48.07,46.29,46.96,47.85,48.45,48.15,49.67,49.63,49.56,50.15,49.79,49.04,49.85,48.86,48.87,49.67,49.52,50.56,51.46,51.28
DOW,2021-09-22,31.25,50.71,48.92,46.76,47.43,47.74,-3.53,-7.78,-6.45,-5.84,50.71,50.3,50.1,49.14,48.81,48.92,49.17,48.3,48.75,48.16,46.76,45.49,44.96,45.59,46.5,46.0,48.33,48.15,47.63,46.61,47.43,47.16,47.86,46.28,47.38,47.54,47.15,46.75,46.08,47.56,47.74
DOW,2022-07-07,31.67,46.46,44.54,43.33,42.31,43.97,-4.11,-6.73,-8.93,-5.34,46.46,45.91,46.06,43.87,42.8,44.54,43.77,44.03,43.57,43.26,43.33,42.52,42.9,43.82,43.07,42.76,42.26,41.64,40.99,41.53,42.31,43.97,44.05,43.09,42.62,43.24,43.0,43.79,43.84,44.6,43.97
DOW,2022-07-18,33.67,44.03,42.9,41.64,43.79,45.3,-2.57,-5.44,-0.55,2.87,44.03,43.57,43.26,43.33,42.52,42.9,43.82,43.07,42.76,42.26,41.64,40.99,41.53,42.31,43.97,44.05,43.09,42.62,43.24,43.0,43.79,43.84,44.6,43.97,43.21,43.16,42.74,43.16,43.71,44.19,45.3
DOW,2022-09-28,35.85,42.9,39.43,37.29,37.72,39.81,-8.1,-13.09,-12.08,-7.21,42.9,43.26,40.66,39.98,39.84,39.43,39.7,39.15,38.2,38.02,37.29,36.85,37.19,38.26,37.51,37.31,38.46,39.6,39.12,38.66,37.72,38.12,37.33,37.21,39.0,38.32,38.44,39.39,38.33,38.16,39.81
DOW,2023-03-20,32.88,50.59,49.05,44.01,46.73,49.63,-3.03,-13.0,-7.62,-1.9,50.59,50.95,50.85,49.79,48.65,49.05,48.04,46.98,45.69,45.59,44.01,44.39,43.61,44.69,45.39,44.8,45.03,45.15,45.34,46.13,46.73,47.08,47.8,48.24,47.31,47.64,47.66,48.66,48.99,49.6,49.63
DOW,2023-06-01,30.74,45.61,45.3,43.89,45.8,46.48,-0.69,-3.77,0.42,1.91,45.61,45.57,44.52,44.89,45.23,45.3,45.14,45.3,44.75,43.92,43.89,43.77,43.13,43.33,45.63,45.54,46.5,47.63,46.67,45.75,45.8,46.99,46.7,47.29,47.0,45.91,45.87,45.44,45.41,45.93,46.48
DOW,2024-07-08,36.25,51.4,49.47,49.05,51.57,50.69,-3.75,-4.56,0.33,-1.38,51.4,51.59,50.45,50.25,50.83,49.47,49.51,49.29,49.37,48.98,49.05,49.21,48.61,49.14,48.0,48.12,48.77,49.24,49.58,50.91,51.57,50.97,50.16,50.65,50.32,49.62,49.18,49.19,49.19,49.97,50.69
DOW,2024-10-28,33.68,50.37,49.92,48.55,45.59,41.42,-0.9,-3.61,-9.49,-17.76,50.37,50.56,50.71,50.48,49.57,49.92,50.05,50.08,49.23,49.1,48.55,48.08,46.86,47.25,46.65,46.52,46.56,46.17,45.21,45.16,45.59,46.11,43.84,43.63,42.47,42.42,42.04,41.53,41.69,41.16,41.42
DOW,2024-11-07,35.31,49.23,47.25,45.21,41.69,42.02,-4.02,-8.16,-15.3,-14.64,49.23,49.1,48.55,48.08,46.86,47.25,46.65,46.52,46.56,46.17,45.21,45.16,45.59,46.11,43.84,43.63,42.47,42.42,42.04,41.53,41.69,41.16,41.42,42.25,42.86,43.25,42.0,42.09,42.35,42.51,42.02
DOW,2024-11-21,31.05,45.21,43.63,41.69,42.02,38.86,-3.5,-7.78,-7.05,-14.04,45.21,45.16,45.59,46.11,43.84,43.63,42.47,42.42,42.04,41.53,41.69,41.16,41.42,42.25,42.86,43.25,42.0,42.09,42.35,42.51,42.02,41.05,40.41,40.22,40.93,40.4,39.75,39.54,39.14,38.42,38.86
DOW,2024-12-09,34.61,41.16,42.0,41.05,38.46,37.74,2.04,-0.27,-6.55,-8.3,41.16,41.42,42.25,42.86,43.25,42.0,42.09,42.35,42.51,42.02,41.05,40.41,40.22,40.93,40.4,39.75,39.54,39.14,38.42,38.86,38.46,37.45,38.26,38.29,38.4,38.53,38.35,37.78,38.44,37.89,37.74
DOW,2024-12-20,31.43,42.02,40.4,38.86,37.89,39.31,-3.85,-7.52,-9.85,-6.45,42.02,41.05,40.41,40.22,40.93,40.4,39.75,39.54,39.14,38.42,38.86,38.46,37.45,38.26,38.29,38.4,38.53,38.35,37.78,38.44,37.89,37.74,38.08,37.75,37.28,36.88,38.0,38.39,38.7,39.15,39.31
DOW,2025-04-09,36.59,35.29,33.52,27.51,27.44,28.25,-5.0,-22.03,-22.26,-19.96,35.29,35.41,34.46,34.71,34.38,33.52,34.07,33.77,34.04,30.7,27.51,26.85,25.18,29.13,26.63,27.74,28.18,27.03,26.8,27.47,27.44,28.29,28.29,29.04,29.29,29.22,29.9,29.85,29.79,29.68,28.25
